{
	"hotZoneData": [{
		"url": "rtsp://1.1.1.1:1111/TimeScapes_FHD_6M_8bit_04.ts",
		"fileName": "TimeScapes_UHD_23M_10bit_04.ts",
		"type": "hot",
		"imageUrl": "img/TimeScape_04_196.jpg",
		"name": "TimeScapes #4 (HEVC)",
		"videoType": "uhd",
		"playTime": "00:04:07"
	}, {
		"url": "rtsp://1.1.1.1:1111/TimeScapes_FHD_6M_8bit_04.ts",
		"fileName": "TimeScapes_UHD_23M_10bit_05.ts",
		"type": "hot",
		"imageUrl": "img/TimeScape_05_196.jpg",
		"name": "TimeScapes #5 (HEVC)",
		"videoType": "uhd",
		"playTime": "00:05:59"
	}, {
		"url": "rtsp://1.1.1.1:1111/nine.ts",
		"fileName": "TimeScapes_UHD_23M_10bit_01.ts",
		"type": "hot",
		"imageUrl": "img/TimeScape_01_196.jpg",
		"name": "TimeScapes #1 (HEVC)",
		"videoType": "uhd",
		"playTime": "00:19:07"
	}, {
		"url": "rtsp://1.1.1.1:1111/nine.ts",
		"fileName": "TimeScapes_UHD_23M_10bit_03.ts",
		"type": "hot",
		"imageUrl": "img/TimeScape_03_196.jpg",
		"name": "TimeScapes #3 (HEVC)",
		"videoType": "uhd",
		"playTime": "00:05:01"
	}],
	"coolZoneData": [{
		"url": "rtsp://1.1.1.1:1111/nine.ts",
		"fileName": "TimeScapes_UHD_23M_10bit_full.ts",
		"type": "cold",
		"imageUrl": "img/TimeScape_full_196.jpg",
		"name": "TimeScapes full (HEVC)",
		"videoType": "uhd",
		"playTime": "00:48:21"
	}, {
		"url": "rtsp://1.1.1.1:1111/nine.ts",
		"fileName": "TimeScapes_UHD_23M_10bit_02.ts",
		"type": "cold",
		"imageUrl": "img/TimeScape_02_196.jpg",
		"name": "TimeScapes #2 (HEVC)",
		"videoType": "uhd",
		"playTime": "00:04:18"
	}, {
		"url": "rtsp://1.1.1.1:1111/nine.ts",
		"fileName": "FHD_01.ts",
		"type": "cold",
		"imageUrl": "img/SKT_AD_196.jpg",
		"name": "SKT AD (H.264)",
		"videoType": "hd",
		"playTime": "01:23:17"
	}, {
		"url": "rtsp://1.1.1.1:1111/nine.ts",
		"fileName": "TimeScapes_FHD_6M_8bit_04.ts",
		"type": "cold",
		"imageUrl": "img/TimeScape_04_196.jpg",
		"name": "TimeScapes #4 (HEVC)",
		"videoType": "fhd",
		"playTime": "00:04:07"
	}]
}